{"scores":[99.0,40.0,2.0,1.0],"names":["Andrew","Edward","Adam","Girl"],"playerPosition":{"x":200.0,"y":64.60148620605469,"z":288.74462890625}}