{"scores":[563.7883911132813,99.0,97.5140609741211,71.18344116210938,66.896728515625,40.0,2.0,1.0],"names":["Fred","Andrew","Will","Tom","Fred","Edward","Adam","Girl"],"playerPosition":{"x":200.00144958496095,"y":0.00685197114944458,"z":166.5220947265625}}